INSERT INTO MEMBER
(MEMBER_ACCOUNT, MEMBER_PASSWORD, MEMBER_NAME, MEMBER_PHONE, MEMBER_NICKNAME, MEMBER_ADDRESS, MEMBER_EMAIL)
VALUES ('WILLIAM', 'PASSWORD', 'WILLIAM', '0930987654', 'WILL', '桃園市', 'WILL@TIBAME.COM'),
       ('TONY', 'PASSWORD', 'TONY', '0910123456', 'TONY', '平鎮市', 'TONY@TIBAME.COM'),
       ('JOHN', 'PASSWORD', 'JOHN', '0930139248', 'JOHN', '龜山區', 'JOHN@TIBAME.COM'),
       ('LAURA', 'PASSWORD', 'LAURA', '0930456123', 'LAURA', '台北市', 'LAURA@TIBAME.COM'),
       ('AMBER', 'PASSWORD', 'AMBER', '0987123456', 'AMBER', '台北市', 'AMBER@TIBAME.COM');

INSERT INTO MEAL_PRODUCT
(MEAL_NAME, MEAL_CONTENT, MEAL_CAL, MEAL_ALLERGEN, MEAL_PRICE, MEAL_RECIPE, LAUNCH)
VALUES ('百里香牛排', '1.牛里肌 2.百里香葉 3.鹽', 500, '無', 350, '1. 將牛肉取出解凍 2.充分煎烤至中心溫度72度', 1),
       ('起司義大利餃', '1.麵粉 2.起司 3.豬肉', 350, '1.麩質 2.起司', 150, '1.微波爐中火微波3分鐘即可享用', 1),
       ('蔥爆牛肉', '1.牛柳條 2.蔥段 3.鹽 4.辣椒少許', 300, '無', 200, '1.蔥段及辣椒以少許油爆香 2.加入牛肉及鹽翻炒至全熟', 1),
       ('柳州螺螄粉', '1.螺螄高湯 2.米粉 3.腐皮 4.辣油 5.酸筍', 600, '黃豆', 180, '1.沸水將米粉煮軟備用 2.將高湯煮滾倒入米粉 3.加入配料', 1),
       ('麻婆豆腐', '1.嫩豆腐 2.豆瓣醬 3.小蔥段', 350, '黃豆', 150, '1.少許油將豆腐表面煎至金黃 2.加入豆瓣醬稍微拌炒 3.加入小蔥段', 1),
       ('酪梨生酮餐', '1.酪梨 2.培根 3.雞蛋', 400, '雞蛋', 100, '1.將落梨籽挖出 2.鋪上培根 3.打入雞蛋200度烤15分鐘', 1),
       ('增肌雞胸餐', '1.舒肥雞胸 2.黑胡椒 3.鹽', 300, '無', 150, '1.將產品室溫解凍 2.煎至兩面金黃調味', 1),
       ('風味雞胸咖哩飯', '1.咖哩調理包(含雞肉、胡蘿蔔、各式香料) 2.即食米飯', 550, '無', 150, '1.調理包隔水加熱 2.米飯微波2分鐘 3.混合即可食用', 1),
       ('高纖風味凱薩沙拉', '1.蘿蔓 2.番茄 3.起司 4.硬麵包 5.凱薩醬', 200, '起司', 200, '1.將各式材料混勻即可食用', 1),
       ('香煎起司鮭魚', '1.鮭魚片 2.起司 3.柳松菇、玉米筍(熟) 4.鹽', 600, '起司', 250, '1.將鮭魚煎至金黃 2.鋪上起司片以200度烤5分鐘 3.蔬菜裝飾', 1),
       ('麻油猴頭菇', '1.猴頭菇 2.胡蘿蔔 3.青豆 4.麻油 5.芝麻', 250, '無', 200, '1.微波爐中火微波3分鐘即可享用', 1),
       ('藜麥疏食沙拉', '1.藜麥 2.各式蔬果', 200, '無', 250, '生鮮即食(冷藏後風味絕佳)', 1),
       ('香煎天貝', '1.黃豆 2.天貝菌 3.醬油', 250, '黃豆', 200, '1.將天貝切片 2.中火慢煎 3.適量醬油調味', 1);


INSERT INTO NUTRIENT_FEATURE (FEATURE_NAME)
VALUES ('低醣'),
       ('高纖'),
       ('高蛋白'),
       ('增肌'),
       ('生酮'),
       ('高脂'),
       ('低脂'),
       ('高維生素'),
       ('高熱量'),
       ('低熱量'),
       ('素食');

INSERT INTO NUTRIENT_FEATURE_DETAIL(MEAL_NO, FEATURE_NO, FEATURE_NAME)
values (1, 3, '高蛋白'),
       (1, 4, '增肌'),
       (2, 6, '高脂'),
       (3, 3, '高蛋白'),
       (3, 4, '增肌'),
       (4, 9, '高熱量'),
       (5, 3, '高蛋白'),
       (6, 1, '低醣'),
       (6, 5, '生酮'),
       (6, 6, '高脂'),
       (7, 1, '低醣'),
       (7, 3, '高蛋白'),
       (7, 4, '增肌'),
       (7, 7, '低脂'),
       (8, 3, '高蛋白'),
       (9, 2, '高纖'),
       (9, 8, '高維生素'),
       (10, 3, '高蛋白'),
       (10, 9, '高熱量'),
       (11, 2, '高纖'),
       (11, 11, '素食'),
       (12, 2, '高纖'),
       (12, 7, '低脂'),
       (12, 10, '低熱量'),
       (12, 11, '素食'),
       (13, 3, '高蛋白'),
       (13, 4, '增肌'),
       (13, 11, '素食');


